meeting_date,item_no,bps_no,applicant,address,city_block,type,minutes_version,excerpt
2026-01-06,306542,BPS25-0464,"Second Patch, LLC",,4081,boundary adjustment,Approved,"306542 – BPS25-0464 – Request by Second Patch, LLC for a boundary adjustment reducing the rear of 1919 Hereford St., in C. B. 4081."
2026-01-06,306544,BPS25-0791,"CWE Trade Mart, LLC",,3902,subdivision,Approved,"306544 – BPS25-0791 – Request by CWE Trade Mart, LLC to subdivide 5 S. Newstead Ave. into two parcels, in C. B. 3902. DIRECTORS OF PUBLIC UTILITIES, STREETS, AND HUMAN SERVICES Joint recommendation that the following be Approved, subject to certain conditions:"
2026-02-03,306608,BPS25-0811,"Altea, LLC",1950 and 1945 Berra Court,4023,boundary adjustment,Approved,"306608 – BPS25-0811 – Request by Altea, LLC to conduct a boundary adjustment at 1950 and 1945 Berra Court, in C. B. 4023. DIRECTORS OF PUBLIC UTILITIES, STREETS, AND PARKS, RECREATION & FORESTY Joint recommendation that the following be Approved, subject to certain conditions:"
2026-02-10,306633,BPS25-0812,TL Consultants,10 Benton Place,2279,property line adjustment,Approved,"306633 – BPS25-0812 – Request submitted by TL Consultants to adjust the property line at 10 Benton Place, in C. B. 2279."
2026-02-10,306634,BPS25-0818,"Dutchtown Delights, LLC",3127 California Ave,1473,parcel split,Approved,"306634 – BPS25-0818 – Request submitted by Dutchtown Delights, LLC to subdivide the existing parcel into two new parcels at 3127 California Ave., in C. B. 1473."
2026-02-10,306635,BPS26-0003,TL Consultants,"4910, 4914, and 4918 Aldine Place",3784,consolidation,Approved,"306635 – BPS26-0003 – Request submitted by TL Consultants for a lot consolidation at 4910, 4914, and 4918 Aldine Place, in C. B. 3784."
2026-02-10,306636,BPS26-0004,Denise Evans,3842 and 3846 Botanical Ave,2109,consolidation,Approved,"306636 – BPS26-0004 – Request submitted by Denise Evans to consolidate the two adjoining lots at 3842 and 3846 Botanical Ave., in C. B. 2109."
2026-02-10,306637,BPS26-0019,the Northside Youth & Senior Service Center,,3668,consolidation,Approved,"306637 – BPS26-0019 – Request submitted by the Northside Youth & Senior Service Center to consolidate 4161 Maffitt Ave., in C. B. 3668."
2026-02-10,306638,BPS26-0025,"Altea, LLC","1417, 1419, 1421, and 1425 Semple Ave",3803,consolidation,Approved,"306638 – BPS26-0025 – Request submitted by Altea, LLC to consolidate the land at 1417, 1419, 1421, and 1425 Semple Ave., in C. B. 3803."
2026-02-10,306639,BPS26-0044,"Sensient Colors, LLC",,1989 and 1899,consolidation,Approved,"306639 – BPS26-0044 – Request submitted by Sensient Colors, LLC to consolidate 2500 Baldwin St, and 2524, 2600, 2606, 2608, 2610, 2614, 2616, 2622, 2624, and 2630 Glasgow Ave., in C. B. 1989 and 1899. DIRECTORS OF PUBLIC UTILITIES, STREETS, AND HUMAN SERVICES Joint recommendation that the following be Approved, subject to certain conditions:"
2026-03-03,306686,BPS26-0028,Starke Inc.,2740 Ellendale Ave,4789,subdivision,Approved,"306686 – BPS26-0028 – Request submitted by Starke Inc., to divide the existing lot into 6 new parcels at 2740 Ellendale Ave., in C.B 4789. DIRECTORS OF PUBLIC UTILITIES AND STREETS Joint recommendation that six (6) applications from AT&T be Approved, subject to certain conditions:"
2026-03-17,306728,BPS26-0026,David Petersen,4212-4214 Arsenal St,5092,subdivision,Approved,"306728 – BPS26-0026 – Request submitted by David Petersen to subdivide the property located at 4212-4214 Arsenal St., in C. B. 5092."
2026-03-17,306729,BPS26-0065,"Citibrook II, LLC",4314 N. Grand Ave,1406,re-subdivision,Approved,"306729 – BPS26-0065 – Request submitted by Citibrook II, LLC to re-subdivide lot A of Citybrook Subdivision located at 4314 N. Grand Ave., in C. B. 1406."
2026-03-17,306730,BPS26-0069,Favored Foundation,5957 Page Blvd,3834,consolidation,Approved,"306730 – BPS26-0069 – Request submitted by Favored Foundation for Strengthening Fam to consolidate all of lot 49 and 48 and part of lot 47 in block 2 of the Hayden and McDermott’s Rose Hill Subdivision located at 5957 Page Blvd., in C. B. 3834."
2026-03-17,306731,BPS26-0070,Hamza Tahir,6301 Scanlan Ave,4550,boundary adjustment,Approved,"306731 – BPS26-0070 – Request submitted by Hamza Tahir to adjust the boundary at 6301 Scanlan Ave, in C. B. 4550."
2026-03-17,306732,BPS26-0076,"ASAK Properties, LLC",,372,consolidation,Approved,"306732 – BPS26-0076 – Request submitted by ASAK Properties, LLC to consolidate 1809 and 1813 S. 7th Street, in C. B. 372. DIRECTORS OF PUBLIC UTILITIES AND STREETS Joint recommendation that the following be Approved, subject to certain conditions:"
2026-04-07,306791,BPS26-0105,"Altea, LLC",,4039,boundary adjustment,Approved,"306791 – BPS26-0105 – Request submitted by Altea, LLC to conduct a boundary adjustment for 5353 and 5355 Wilson Ave., in C. B. 4039."
2026-04-07,306792,BPS26-0126,Lila Griffin,,4844,consolidation,Approved,"306792 – BPS26-0126 – Request submitted by Lila Griffin to consolidate 5114 and 5110 Enright Ave., in C. B. 4844."
2026-04-07,306795,BPS26-0169,"Centerstream STL, LLC",,0418,boundary adjustment,Approved,"306795 – BPS26-0169 – Request submitted by Centerstream STL, LLC to adjust the boundary between 512 and 564 S. Tucker, in C. B. 0418. Joint recommendation that the following be Denied:"
2026-04-07,306796,BPS26-0121,708 Ann Condominium Association,"708 Ann Ave., as the parcel does not meet the criteria for a lot. DIRECTORS OF PUBLIC UTILITIES, STREETS, HUMAN SERVICES, AND PARKS, RECREATION, & FORESTRY Joint recommendation that the following be Approved, subject to certain conditions:",,subdivision,Approved,"306796 – BPS26-0121 – Request submitted by 708 Ann Condominium Association to subdivide the land at 708 Ann Ave., as the parcel does not meet the criteria for a lot. DIRECTORS OF PUBLIC UTILITIES, STREETS, HUMAN SERVICES, AND PARKS, RECREATION, & FORESTRY Joint recommendation that the following be Approved, subject to certain conditions:"
2026-04-14,306824,BPS26-0163,"Hammerstone One, LLC",,684,subdivision,Approved,"306824 – BPS26-0163 – Request submitted by Hammerstone One, LLC to subdivide 2016 S. 9th St., in C. B. 684."
2026-04-14,306825,BPS26-0174,Julie Price,,0666,subdivision,Approved,"306825 – BPS26-0174 – Request submitted by Julie Price to subdivide 919 Allen Ave., in C. B. 0666."
2026-04-14,306826,BPS26-0177,Jennifer McDonnell,,4845,consolidation,Approved,"306826 – BPS26-0177 – Request submitted by Jennifer McDonnell to consolidate 5216, 5216R, and 5218 Enright Ave. to build a single-family home, in C. B. 4845. Joint recommendation that the following be Denied:"
2026-04-14,306827,BPS26-0173,Grimes Consulting,"6651-6655 Mitchell Ave., into multiple lots",4614,subdivision,Approved,"306827 – BPS26-0173 – Request submitted by Grimes Consulting to subdivide the property located at 6651-6655 Mitchell Ave., into multiple lots in C. B. 4614. Seven (7) of the nine (9) proposed lots do not meet the requirements of Section 26.08.270 of the zoning code and would require an area variance. DIRECTORS OF PUBLIC UTILITIES AND STREETS Joint recommendation that the following be Approved, subject to certain conditions:"
2026-04-28,306869,BPS26-0120,"Altea, LLC",2040 Knox Ave,1600,subdivision,Approved,"306869 – BPS26-0120 – Request submitted by Altea, LLC for approval of a minor subdivision plat revising the existing three-lot subdivision into four lots for the property located at 2040 Knox Ave., in C. B. 1600."
2026-04-28,306870,BPS26-0192,Ignite Strategic Partners,1415-1417 Dodier St,1122,plat,Approved,"306870 – BPS26-0192 – Request submitted by Ignite Strategic Partners for approval of a townhouse plat for the property located at 1415-1417 Dodier St., in C. B. 1122. DIRECTORS OF PUBLIC UTILITIES, STREETS, AND HUMAN SERVICES Joint recommendation that the following be Approved, subject to certain conditions:"
2026-05-05,306883,BPS26-0060,John Nussbaum,4027 Juniata St,5060,boundary adjustment,Approved,"306883 – BPS26-0060 – Request submitted by John Nussbaum for a boundary adjustment of lots 5 and 6 at 4027 Juniata St., in C. B. 5060. DIRECTORS OF PUBLIC UTILITIES AND STREETS Joint recommendation that three (3) applications from AT&T be Approved, subject to certain conditions:"
2026-05-19,306924,BPS26-0112,"Tysp, LLC",3733 Lindell Blvd from one parcel into two separate parcels,3925,subdivision,Approved,"306924 – BPS26-0112 – Request submitted by Tysp, LLC to subdivide the property located at 3733 Lindell Blvd from one parcel into two separate parcels, in C. B. 3925. II."
2026-05-19,306925,BPS26-0185,Richard Realty,3224 – 26 Miami Street into individual lots for townhouse development,1618,subdivision,Approved,"306925 – BPS26-0185 – Request submitted by Richard Realty to subdivide the existing parcel located at 3224 – 26 Miami Street into individual lots for townhouse development, in C. B. 1618. III."
2026-05-19,306926,BPS26-0187,"Shaw Holding Group, LLC",2739 Utah Street to create two separate lots,1513,boundary adjustment,Approved,"306926 – BPS26-0187 – Request submitted by Shaw Holding Group, LLC to adjust the boundary located at 2739 Utah Street to create two separate lots, in C. B. 1513. DIRECTORS OF PUBLIC UTILITIES AND STREETS Joint recommendation that the following be Approved, subject to certain conditions: I."
2026-06-02,306971,BPS26-0224,Graddy Investments of St. Louis,2350 Chouteau Ave,2262,subdivision,Approved,"306971 – BPS26-0224 – Request submitted by Graddy Investments of St. Louis to subdivide the property located at 2350 Chouteau Ave., in C. B. 2262."
2026-06-02,306972,BPS26-0272,"Enigmatic Remodeling, LLC",3526 Harris and 4130 West Lexington into one parcel,4440,consolidation,Approved,"306972 – BPS26-0272 – Request submitted by Enigmatic Remodeling, LLC to consolidate the properties located at 3526 Harris and 4130 West Lexington into one parcel, in C. B. 4440."
2026-06-02,306973,BPS26-0300,DeSales Community Development,5323 Virginia Ave,2840,boundary adjustment,Approved,"306973 – BPS26-0300 – Request submitted by DeSales Community Development to adjust the boundary plat at 5323 Virginia Ave., in C. B. 2840."
2026-06-02,306974,BPS26-0309,"4302 Street A, LLC",4302 Arsenal to create four (4) fee simple townhome lots,5054,subdivision,Approved,"306974 – BPS26-0309 – Request submitted by 4302 Street A, LLC to subdivide the property located at 4302 Arsenal to create four (4) fee simple townhome lots, in C. B. 5054."
2026-06-02,306975,BPS26-0311,"Dismas House STL, LLC",5025 and 5039 Cote Brillante Ave,4506,consolidation,Approved,"306975 – BPS26-0311 – Request submitted by Dismas House STL, LLC to consolidate the two (2) lots at 5025 and 5039 Cote Brillante Ave., in C. B. 4506."
2026-06-02,306976,BPS26-0315,"Altea, LLC",3321 and 3319 Meramec St,2632,consolidation,Approved,"306976 – BPS26-0315 – Request submitted by Altea, LLC for a lot consolidation at 3321 and 3319 Meramec St., in C. B. 2632. DIRECTORS OF PUBLIC UTILITIES AND STREETS Joint recommendation that one (1) application from ADB be Approved, subject to certain conditions:"
2026-06-09,306994,BPS26-0279,Michael Meehan,the property at 3316 Illinois Ave,1528,consolidation,Approved,"306994 – BPS26-0279 – Request submitted by Michael Meehan to consolidate lots 22 and 23 located at the property at 3316 Illinois Ave., in C. B. 1528. DIRECTORS OF PUBLIC UTILITIES AND STREETS Joint recommendation that the following be Approved, subject to certain conditions: I."
2026-06-30,307049,BPS26-0289,the Missouri Highways and Transportation Commission,"1521, 1525-1527 S. 18th Street",0379,property line adjustment,Approved,"307049 – BPS26-0289 – Request submitted by the Missouri Highways and Transportation Commission to adjust the property lines located at 1521, 1525-1527 S. 18th Street, in C. B. 0379. DIRECTORS OF PUBLIC UTILITIES AND STREETS Joint recommendation that the following be Approved, subject to certain conditions:"
2026-07-07,307064,BPS26-0316,"Altea, LLC",4207- 4209 Hartford St,5092,lot split,Approved,"307064 – BPS26-0316 – Request submitted by Altea, LLC to amend a lot split for the property located at 4207- 4209 Hartford St., in C. B. 5092."
2026-07-07,307065,BPS26-0319,"5050 Farlin, LLC",5050 Farlin Ave,4385,consolidation,Approved,"307065 – BPS26-0319 – Request submitted by 5050 Farlin, LLC to consolidate Lots 1-32, the private alley of a private subdivision, and part of Lot 18 of Player’s Subdivision into one (1) tract, located at 5050 Farlin Ave., in C. B. 4385."
2026-07-07,307066,BPS26-0328,Log Cabin Lane Contracting,7036-7042 Canterbury Ave,5107-E,subdivision,Approved,"307066 – BPS26-0328 – Request submitted by Log Cabin Lane Contracting to subdivide the existing parcel into three (3) new parcels located at 7036-7042 Canterbury Ave., in C. B. 5107-E."
2026-07-07,307067,BPS26-0363,Christopher LehMuth,1726 and 1728 Carroll St,1256,consolidation,Approved,"307067 – BPS26-0363 – Request submitted by Christopher LehMuth to consolidate the properties located at 1726 and 1728 Carroll St., in C. B. 1256. DIRECTORS OF PUBLIC UTILITIES AND STREETS Joint recommendation that the following be Approved, subject to certain conditions:"
2026-07-14,307083,BPS26-0384,International Word Center,5030-5034 Delmar Blvd,5051-A,consolidation,Approved,"307083 – BPS26-0384 – Request submitted by International Word Center to consolidate the properties located at 5030-5034 Delmar Blvd., in C. B. 5051-A. Joint recommendation that the following be Revoked/Denied:"
2026-07-14,307084,BPS25-0818,,3127 California Avenue,5092,subdivision,Approved,"307084 – BPS25-0818 – Request to rescind the Board's prior approval and revoke Permit No. BPS25-0818, issued on February 10, 2026, to Dutchtown Delights, LLC, for the subdivision of the existing parcel into two (2) new parcels located at 3127 California Avenue in C.B. 5092. The application is recommended for denial because it does not meet the density of population requirement, allowing the applicant to appeal the denial to the Board of Adjustment. DIRECTORS OF PUBLIC UTILITIES AND STREETS Joint recommendation that one (1) application from ADB COMPANIES be Approved, subject to certain conditions:"
2026-07-21,307110,BPS26-0396,Chateau Homes,4474 Washington Avenue,4578,parcel split,Approved,"307110 – BPS26-0396 – Request submitted by Chateau Homes to subdivide the existing parcel into two new parcels at 4474 Washington Avenue, in C. B. 4578. DIRECTOR OF PUBLIC SAFETY"
2026-07-28,307125,BPS26-0333,United States Army Corps of Engineers,"117 Cherokee Street, in City Blocks 1792 and 2044",,property line adjustment,Approved,"307125 – BPS26-0333 – Request submitted by United States Army Corps of Engineers to adjust the property line at 117 Cherokee Street, in City Blocks 1792 and 2044."
2026-07-28,307126,BPS26-0343,the Missouri Highways and Transportation Commission,"2120 Gasconade Street by conveying a portion of excess property along Interstate 55 to the City of St. Louis, including portions of City Blocks 2617-E, 2665, and a portion of Meramec Street. DIRECTORS OF PUBLIC UTILITIES AND STREETS Joint recommendation that the following be Approved, subject to certain conditions:",,property line adjustment,Approved,"307126 – BPS26-0343 – Request submitted by the Missouri Highways and Transportation Commission to adjust the property line at 2120 Gasconade Street by conveying a portion of excess property along Interstate 55 to the City of St. Louis, including portions of City Blocks 2617-E, 2665, and a portion of Meramec Street. DIRECTORS OF PUBLIC UTILITIES AND STREETS Joint recommendation that the following be Approved, subject to certain conditions:"
2026-08-04,307148,BPS26-0365,"104 Gratiot Street STL Property Owner, LLC",100 Gratiot and 818 2nd Street,43,consolidation,Approved,"307148 – BPS26-0365 – Request submitted by 104 Gratiot Street STL Property Owner, LLC to consolidate the properties located at 100 Gratiot and 818 2nd Street, in C. B. 43."
2026-08-04,307149,BPS26-0368,"3736 Salena, LLC",3736 Salena St,1667-S,parcel split,Approved,"307149 – BPS26-0368 – Request submitted by 3736 Salena, LLC to split the existing parcel into two new parcels at 3736 Salena St., in C. B. 1667-S. DIRECTORS OF PUBLIC UTILITIES AND STREETS Joint recommendation that the following be Approved, subject to certain conditions:"
2026-08-11,307160,BPS26-0413,Anthony Fresta,5219 Elizabeth Ave,4073,parcel split,Approved,"307160 – BPS26-0413 – Request submitted by Anthony Fresta to subdivide the existing parcel into two new parcels at 5219 Elizabeth Ave., in C. B. 4073. DIRECTORS OF PUBLIC UTILITIES, STREETS, AND HUMAN SERVICES Joint recommendation that the following be Approved, subject to certain conditions:"
2026-08-25,307219,BPS26-0493,Betty Jean Kerr People’s Health Center,"5635-5645, and 5647-5655 Delmar Blvd",4548,consolidation,Approved,"307219 – BPS26-0493 – Request submitted by Betty Jean Kerr People’s Health Center to consolidate the properties located at 5635-5645, and 5647-5655 Delmar Blvd, in C. B. 4548. DIRECTORS OF PUBLIC UTILITIES, STREETS, AND HUMAN SERVICES Joint recommendation that the following be Approved:"
2026-09-15,307271,BPS26-0438,"Burohaus One, LLC",151 Carroll Street,701,property line adjustment,Approved,"307271 – BPS26-0438 – Request submitted by Burohaus One, LLC to adjust the property line at 151 Carroll Street, in C. B. 701."
2026-09-15,307272,BPS26-0445,St. Louis Art Place Initiative,3728 and 3732 Nebraska Avenue,1634,consolidation,Approved,"307272 – BPS26-0445 – Request submitted by St. Louis Art Place Initiative to consolidate the properties located at 3728 and 3732 Nebraska Avenue, in C. B. 1634. DIRECTOR OF PUBLIC SAFETY"
2026-09-22,307291,BPS26-0045,"Eichelberger Realty, LLC",5821 – 5825 Gravois,5332-E & W,parcel split,Approved,"307291 – BPS26-0045 – Request submitted by Eichelberger Realty, LLC to subdivide the existing parcel into two new parcels at 5821 – 5825 Gravois, in C. B. 5332-E & W."
2026-09-22,307292,BPS26-0430,Barnes-Jewish Hospital,4500 and 4520 Clayton Avenue,5234,consolidation,Approved,"307292 – BPS26-0430 – Request submitted by Barnes-Jewish Hospital to consolidate the properties located at 4500 and 4520 Clayton Avenue, in C. B. 5234."
2026-09-22,307293,BPS26-0509,Jonathan Minner,6742 and 6744 Dolan Place,4600,consolidation,Approved,"307293 – BPS26-0509 – Request submitted by Jonathan Minner to consolidate the properties located at 6742 and 6744 Dolan Place, in C. B. 4600. DIRECTORS OF PUBLIC UTILITIES AND STREETS Joint recommendation that the following be Approved, subject to certain conditions:"
2026-09-29,307316,BPS26-0428,"Efficacy Consulting and Development, LLC",5619 Cates Avenue,3864 West,parcel split,Preliminary,"307316 – BPS26-0428 – Request submitted by Efficacy Consulting and Development, LLC to subdivide the existing parcel into two new parcels at 5619 Cates Avenue, in C. B. 3864 West. DIRECTORS OF PUBLIC UTILITIES, STREETS AND HUMAN SERVICES Joint recommendation that the following be Approved:"
